rule_id,molecule_id,match_strength,query_string,active,notes
slu_pp_332_broadrecall_tiab_v1,slu_pp_332,broad,"(""SLU-PP-332""[tiab] OR ""SLU PP 332""[tiab] OR ""SLU-PP332""[tiab] OR ""SLU332""[tiab])",True,auto broad-recall lane; 3 synonym(s); corpus total=6 human=0
retatrutide_broadrecall_tiab_v1,retatrutide,broad,"(""Retatrutide""[tiab] OR ""LY-3437943""[tiab] OR ""LY3437943""[tiab] OR ""GGG tri-agonist""[tiab] OR ""GLP-1 GIP glucagon triagonist""[tiab])",True,auto broad-recall lane; 4 synonym(s); corpus total=95 human=44
selank_broadrecall_tiab_v1,selank,broad,"(""Selank""[tiab] OR ""TP-7""[tiab] OR ""Thr-Lys-Pro-Arg-Pro-Gly-Pro""[tiab] OR ""Selanc""[tiab] OR ""TP 7""[tiab] OR ""threonyl-lysyl-prolyl-arginyl-prolyl-glycyl-proline""[tiab])",True,auto broad-recall lane; 5 synonym(s); corpus total=1 human=0
semax_broadrecall_tiab_v1,semax,broad,"(""Semax""[tiab] OR ""ACTH (4-10)""[tiab] OR ""Met-Glu-His-Phe-Pro-Gly-Pro""[tiab] OR ""Met-Glu-His-Phe-Arg-Trp-Gly""[tiab] OR ""MSH-ACTH (4-10)""[tiab] OR ""ACTH-MSH (4-10)""[tiab] OR ""MEHFPGP""[tiab] OR ""ACTH (4-7), Pro-Gly-Pro-""[tiab] OR ""corticotropin (4-10)""[tiab] OR ""4-10-SEMAX""[tiab] OR ""H-Met-Glu-His-Phe-Pro-Gly-Pro-OH""[tiab] OR ""ACTH (4-7), prolyl-glycyl-proline-""[tiab] OR ""Pro-Gly-Pro-ACTH (4-7)""[tiab])",True,auto broad-recall lane; 12 synonym(s); corpus total=12 human=1
bpc_157_broadrecall_tiab_v1,bpc_157,broad,"(""BPC-157""[tiab] OR ""BPC157""[tiab] OR ""Body Protection Compound-157""[tiab] OR ""pl-10""[tiab] OR ""PLD-116""[tiab] OR ""Bpc 15""[tiab] OR ""Gly-Glu-Pro-Pro-Pro-Gly-Lys-Pro-Ala-Asp-Asp-Ala-Gly-Leu-Val""[tiab] OR ""Bepecin""[tiab] OR ""Booly protection compound 15""[tiab] OR ""BPC 157""[tiab] OR ""BPC-15""[tiab] OR ""137525-51-0""[tiab])",True,auto broad-recall lane; 11 synonym(s); corpus total=36 human=6
thymosin_beta_4_broadrecall_tiab_v1,thymosin_beta_4,broad,"(""Thymosin Beta-4""[tiab] OR ""Thymosin beta 4""[tiab] OR ""TB4""[tiab] OR ""TB-4""[tiab] OR ""thymosin beta(4) sulfoxide""[tiab] OR ""thymosin beta(4) (11-19)""[tiab] OR ""thymosin beta(4)alanine""[tiab] OR ""thymosine beta(4)Ala""[tiab] OR ""thymosine beta4 alanine""[tiab])",True,auto broad-recall lane; 8 synonym(s); corpus total=65 human=11
tb_500_broadrecall_tiab_v1,tb_500,broad,"(""TB-500""[tiab] OR ""TB500""[tiab])",True,auto broad-recall lane; 1 synonym(s); corpus total=8 human=2
thymosin_alpha_1_broadrecall_tiab_v1,thymosin_alpha_1,broad,"(""Thymosin Alpha-1""[tiab] OR ""TA-1""[tiab] OR ""TA1""[tiab] OR ""Thymosin alpha?""[tiab] OR ""Thymalfasin""[tiab] OR ""Zadaxin""[tiab] OR ""alpha1-Thymosin""[tiab] OR ""Thymosin ?1""[tiab] OR ""THYMALFASIN (THYMOSIN ALPHA1)""[tiab] OR ""thymosin alpha(1) (24-28)""[tiab] OR ""EEAEN peptide""[tiab] OR ""Glu-Glu-Ala-Glu-Asn""[tiab] OR ""glutamyl-glutamyl-alanyl-glutamyl-asparagine""[tiab] OR ""thymosin alpha1 (24-28)""[tiab])",True,auto broad-recall lane; 13 synonym(s); corpus total=95 human=20
sermorelin_broadrecall_tiab_v1,sermorelin,broad,"(""Sermorelin""[tiab] OR ""GRF 1-29""[tiab] OR ""GRF(1-29)""[tiab] OR ""GHRH(1-29)NH2""[tiab] OR ""GRF(1-29)NH2""[tiab] OR ""Geref""[tiab] OR ""Growth Hormone-Releasing Factor(1-29)Amide""[tiab] OR ""hGHRH(1-29)NH2""[tiab] OR ""Sermoreline""[tiab] OR ""Somatotropin-Releasing-Hormone(1-29)Amide""[tiab])",True,auto broad-recall lane; 9 synonym(s); corpus total=4 human=1
cjc_1295_broadrecall_tiab_v1,cjc_1295,broad,"(""CJC-1295""[tiab] OR ""MOD-GRF(1-29)""[tiab] OR ""CJC DAC""[tiab] OR ""CJC no-DAC""[tiab] OR ""CJC 1295""[tiab] OR ""CJC1295""[tiab])",True,auto broad-recall lane; 5 synonym(s); corpus total=16 human=6
ipamorelin_broadrecall_tiab_v1,ipamorelin,broad,"(""Ipamorelin""[tiab] OR ""Aib-His-D-2-Nal-D-Phe-Lys-NH2""[tiab] OR ""Aib-His-2Nal-Phe-Lys-NH2""[tiab])",True,auto broad-recall lane; 2 synonym(s); corpus total=7 human=3
tesamorelin_broadrecall_tiab_v1,tesamorelin,broad,"(""Tesamorelin""[tiab] OR ""Egrifta""[tiab] OR ""GHRH(1-44)""[tiab] OR ""TH9507""[tiab] OR ""tesamorelina""[tiab] OR ""TH-9507""[tiab])",True,auto broad-recall lane; 5 synonym(s); corpus total=13 human=5
hexarelin_broadrecall_tiab_v1,hexarelin,broad,"(""Hexarelin""[tiab] OR ""Tyr-Ala-hexarelin""[tiab] OR ""His-D-2-methyl-Trp-Ala-Trp-D-Phe-Lys-NH2""[tiab] OR ""Examorelin""[tiab] OR ""cortistatin-8""[tiab] OR ""Tyr-Ala-HEX""[tiab] OR ""CST-8 peptide""[tiab] OR ""tyrosyl-alanyl-hexarelin""[tiab])",True,auto broad-recall lane; 7 synonym(s); corpus total=2 human=0
ghrp_2_broadrecall_tiab_v1,ghrp_2,broad,"(""GHRP-2""[tiab] OR ""Growth Hormone Releasing Peptide-2""[tiab] OR ""growth hormone-releasing peptide-2""[tiab] OR ""KP-102""[tiab] OR ""Pralmorelin""[tiab] OR ""GPA-748""[tiab] OR ""KP-102D""[tiab] OR ""KP-102LN""[tiab] OR ""D-alanyl-3-(2-naphthyl)-D-alanyl-L-alanyl-L-tryptophyl-D-phenylalanyl-L-lysinamide""[tiab] OR ""Ala-beta-Nal-Ala-Trp-Phe-Lys-NH2""[tiab] OR ""alanyl-(2-naphthyl)alanyl-alanyl-tryptophyl-phenylalanyl-lysinamide""[tiab])",True,auto broad-recall lane; 10 synonym(s); corpus total=4 human=3
ghrp_6_broadrecall_tiab_v1,ghrp_6,broad,"(""GHRP-6""[tiab] OR ""Growth Hormone Releasing Peptide-6""[tiab] OR ""(D-Lys-3)-GHRP-6""[tiab] OR ""GH-releasing peptide-6""[tiab] OR ""growth hormone releasing hexapeptide""[tiab] OR ""(D-Lys)GHRP-6""[tiab] OR ""(D-Lys-3)-growth hormone-releasing peptide-6""[tiab] OR ""h-his-d-trp-ala-trp-d-phe-lys-nh2""[tiab] OR ""GH-releasing hexapeptide 6""[tiab] OR ""GHRP-6, Lys(3)-""[tiab] OR ""3-Lys-GHRP-6""[tiab] OR ""GHRP-6, lysyl(3)-""[tiab] OR ""D-Lys3-GHRP-6""[tiab])",True,auto broad-recall lane; 12 synonym(s); corpus total=20 human=3
ghk_cu_broadrecall_tiab_v1,ghk_cu,broad,"(""GHK-Cu""[tiab] OR ""GHKCu""[tiab] OR ""GHK Cu""[tiab] OR ""Gly-His-Lys""[tiab] OR ""glycyl-histidyl-lysine""[tiab] OR ""Copper tripeptide""[tiab] OR ""Iamin""[tiab] OR ""copper(II)GHK""[tiab] OR ""glycylhistidyllysine""[tiab] OR ""copper glycyl-histidyl-lysine""[tiab])",True,auto broad-recall lane; 9 synonym(s); corpus total=20 human=2
dsip_broadrecall_tiab_v1,dsip,broad,"(""DSIP""[tiab] OR ""delta sleep-inducing peptide""[tiab] OR ""??-Sleep Inducing Peptide""[tiab] OR ""Delta Sleep-Inducing Peptide (DSIP)""[tiab] OR ""Delta Sleep Peptide""[tiab] OR ""Trp Ala Gly Gly Asp Ala Ser Gly Glu""[tiab] OR ""Peptide, Delta-Sleep""[tiab] OR ""Peptide, Delta Sleep-Inducing""[tiab] OR ""Emideltide""[tiab] OR ""DSIP(1-4)""[tiab] OR ""Sleep-Inducing Peptide, Delta""[tiab] OR ""Delta-Sleep-Inducing Peptide""[tiab] OR ""Peptide, Delta-Sleep-Inducing""[tiab] OR ""Delta-Sleep-Inducing-Peptide""[tiab])",True,auto broad-recall lane; 13 synonym(s); corpus total=2 human=0
mots_c_broadrecall_tiab_v1,mots_c,broad,"(""MOTS-c""[tiab] OR ""MOTSc""[tiab] OR ""MOTS C""[tiab] OR ""MOTS-c peptide, human""[tiab] OR ""Mots-C peptide, mouse""[tiab] OR ""mt-Rnr1 protein, mouse""[tiab] OR ""Mitochondrial-derived peptide MOTS-c, mouse""[tiab] OR ""mitochondrially encoded 12S rRNA peptide, mouse""[tiab])",True,auto broad-recall lane; 7 synonym(s); corpus total=81 human=33
pt_141_broadrecall_tiab_v1,pt_141,broad,"(""PT-141 (Bremelanotide)""[tiab] OR ""PT-141""[tiab] OR ""Bremelanotide""[tiab] OR ""PT 141""[tiab] OR ""Vyleesi""[tiab])",True,auto broad-recall lane; 4 synonym(s); corpus total=19 human=5
melanotan_ii_broadrecall_tiab_v1,melanotan_ii,broad,"(""Melanotan II""[tiab] OR ""MT-II""[tiab] OR ""Melatonan""[tiab] OR ""M1650""[tiab] OR ""melanotan-II""[tiab])",True,auto broad-recall lane; 4 synonym(s); corpus total=8 human=2
melanotan_i_broadrecall_tiab_v1,melanotan_i,broad,"(""Melanotan I""[tiab] OR ""Afamelanotide""[tiab] OR ""Melanotan""[tiab] OR ""NDPMSH""[tiab] OR ""NDP-alpha-MSH""[tiab] OR ""(Nle(4),D-Phe(7))alpha-MSH""[tiab] OR ""Melanotan-1""[tiab] OR ""MSH, 4-Nle-7-Phe-alpha-""[tiab] OR ""4-Nle-7-Phe-alpha-MSH""[tiab] OR ""4-norleucine-7-D-phenylalanine-alpha-melanocyte-stimulating hormone""[tiab] OR ""4-norleucyl-7-phenylalanine-alpha-MSH""[tiab] OR ""MSH, 4-norleucyl-7-phenylalanine-alpha-""[tiab] OR ""alpha-MSH, Nle(4)-Phe(7)-""[tiab])",True,auto broad-recall lane; 12 synonym(s); corpus total=21 human=13
dihexa_broadrecall_tiab_v1,dihexa,broad,"(""Dihexa""[tiab] OR ""PNB-0408""[tiab] OR ""N-hexanoic-Tyr-Ile-(6) aminohexanoic amide""[tiab] OR ""ATH-1001""[tiab])",True,auto broad-recall lane; 3 synonym(s); corpus total=1 human=0
cerebrolysin_broadrecall_tiab_v1,cerebrolysin,broad,"(""Cerebrolysin""[tiab] OR ""N-PEP-12""[tiab] OR ""cerebrolysine""[tiab] OR ""cerebrolysin ebewe""[tiab] OR ""FPF1070""[tiab] OR ""cerebrolyzin""[tiab])",True,auto broad-recall lane; 5 synonym(s); corpus total=61 human=29
cagrilintide_broadrecall_tiab_v1,cagrilintide,broad,"(""Cagrilintide""[tiab] OR ""AM833""[tiab] OR ""AM-833""[tiab] OR ""NNC0174-0833""[tiab])",True,auto broad-recall lane; 3 synonym(s); corpus total=54 human=22
aod_9604_broadrecall_tiab_v1,aod_9604,broad,"(""AOD-9604""[tiab] OR ""hGH fragment 176-191""[tiab] OR ""AOD 9604""[tiab] OR ""AOD9604""[tiab] OR ""somatostatin (177-191), Tyr-""[tiab] OR ""somatostatin (177-191), tyrosyl-""[tiab] OR ""Tyr-somatostatin (177-191)""[tiab])",True,auto broad-recall lane; 6 synonym(s); corpus total=3 human=1
follistatin_344_broadrecall_tiab_v1,follistatin_344,broad,"(""Follistatin-344""[tiab] OR ""FST-344""[tiab])",True,auto broad-recall lane; 1 synonym(s); corpus total=1 human=1
igf_1_lr3_broadrecall_tiab_v1,igf_1_lr3,broad,"(""IGF-1 LR3""[tiab] OR ""Long-R3 IGF-1""[tiab])",True,auto broad-recall lane; 1 synonym(s); corpus total=3 human=0
igf_1_des_broadrecall_tiab_v1,igf_1_des,broad,"(""IGF-1 DES""[tiab] OR ""IGF-1 DES(1-3)""[tiab] OR ""IGF-1 (1-3)""[tiab] OR ""des(1-3)IGF-I""[tiab] OR ""des-(1-3)-IGF-1""[tiab] OR ""insulin-like growth factor 1, des-(1-3)-""[tiab] OR ""IGF-1, des(1-3)-""[tiab])",True,auto broad-recall lane; 6 synonym(s); corpus total=1 human=0
epitalon_broadrecall_tiab_v1,epitalon,broad,"(""Epitalon (Epithalon)""[tiab] OR ""Epitalon""[tiab] OR ""Epithalon""[tiab] OR ""Epithalamin""[tiab] OR ""Ala-Glu-Asp-Gly""[tiab] OR ""epithalone""[tiab] OR ""alanyl-glutamyl-aspartyl-glycine""[tiab] OR ""AE-0 peptide""[tiab])",True,auto broad-recall lane; 7 synonym(s); corpus total=8 human=1
thymalin_broadrecall_tiab_v1,thymalin,broad,"(""Thymalin""[tiab] OR ""Thymic factor""[tiab] OR ""thymarin""[tiab] OR ""s1970""[tiab] OR ""Nonathymulin""[tiab] OR ""pGlu-Ala-Lys-Ser-Gln-Gly-Gly-Ser-Asn-OH""[tiab] OR ""pyroGlu-Ala-Lys-Ser-Gln-Gly-Gly-Ser-AsnOH""[tiab] OR ""thymohemin""[tiab] OR ""thymarin III""[tiab] OR ""thymus factor III""[tiab])",True,auto broad-recall lane; 9 synonym(s); corpus total=0 human=0
pinealon_broadrecall_tiab_v1,pinealon,broad,"(""Pinealon""[tiab] OR ""Glu-Asp-Arg""[tiab] OR ""T-33 peptide""[tiab] OR ""glutamyl-aspartyl-arginine""[tiab])",True,auto broad-recall lane; 3 synonym(s); corpus total=1 human=0
peg_mgf_broadrecall_tiab_v1,peg_mgf,broad,"(""PEG-MGF""[tiab] OR ""PEGylated MGF""[tiab])",True,auto broad-recall lane; 1 synonym(s); corpus total=0 human=0
mgf_igf1ec_broadrecall_tiab_v1,mgf_igf1ec,broad,"(""MGF (IGF-1Ec)""[tiab] OR ""Mechano growth factor""[tiab] OR ""IGF-1Ec""[tiab] OR ""IGF1Ec""[tiab] OR ""IGF-IEc""[tiab] OR ""mechano-growth factor, rat""[tiab] OR ""MGF protein, rat""[tiab] OR ""IGF-I Eb protein, rat""[tiab])",True,auto broad-recall lane; 7 synonym(s); corpus total=5 human=1
gdf_11_broadrecall_tiab_v1,gdf_11,broad,"(""GDF-11""[tiab] OR ""growth differentiation factor 11""[tiab] OR ""GDF11 protein, human""[tiab] OR ""BMP11 protein, human""[tiab] OR ""bone morphogenetic protein 11, human""[tiab] OR ""growth differentiation factor 11 protein, human""[tiab])",True,auto broad-recall lane; 5 synonym(s); corpus total=56 human=11
kpv_broadrecall_tiab_v1,kpv,broad,"(""KPV""[tiab] OR ""Lys-Pro-Val""[tiab] OR ""2-oxo-5-phenylpentanoic acid""[tiab])",True,auto broad-recall lane; 2 synonym(s); corpus total=3 human=0
foxo4_dri_broadrecall_tiab_v1,foxo4_dri,broad,"(""FOXO4-DRI""[tiab] OR ""FOXO4 DRI""[tiab])",True,auto broad-recall lane; 1 synonym(s); corpus total=4 human=0
ara_290_broadrecall_tiab_v1,ara_290,broad,"(""ARA-290 (Cibinetide)""[tiab] OR ""ARA-290""[tiab] OR ""Cibinetide""[tiab] OR ""ARA290""[tiab] OR ""pyroglutamate helix B surface peptide""[tiab] OR ""UEQLERALNSS""[tiab] OR ""pGlu-Glu-Gln-Leu-Glu-Arg-Ala-Leu-Asn-Ser-Ser""[tiab] OR ""pHBSP peptide""[tiab] OR ""pyroglutamate-glutamyl-glutaminyl-leucyl-glutamyl-arginyl-alanyl-leucyl-asparagyl-seryl-serine""[tiab])",True,auto broad-recall lane; 8 synonym(s); corpus total=2 human=0
p21_peptide_broadrecall_tiab_v1,p21_peptide,broad,"(""P21 peptide""[tiab] OR ""CDKN1A peptide""[tiab])",True,auto broad-recall lane; 1 synonym(s); corpus total=0 human=0
noopept_broadrecall_tiab_v1,noopept,broad,"(""Noopept""[tiab] OR ""N-phenylacetyl-L-prolylglycine ethyl ester""[tiab] OR ""GVS-111""[tiab] OR ""Omberacetam""[tiab] OR ""SGS-111""[tiab] OR ""DVD-111""[tiab] OR ""N1120""[tiab] OR ""ethyl phenylacetyl-Pro-Gly""[tiab] OR ""GVS 111""[tiab])",True,auto broad-recall lane; 8 synonym(s); corpus total=3 human=0
prl_8_53_broadrecall_tiab_v1,prl_8_53,broad,"(""PRL-8-53""[tiab] OR ""PRL 8-53""[tiab] OR ""3-(2-benzylmethylaminoethyl)benzoic acid methyl ester hydrochloride""[tiab] OR ""51352-87-5""[tiab])",True,auto broad-recall lane; 3 synonym(s); corpus total=0 human=0
nsi_189_broadrecall_tiab_v1,nsi_189,broad,"(""NSI-189""[tiab] OR ""NSI 189""[tiab] OR ""NSI-189 phosphate""[tiab] OR ""(4-benzylpiperazin-1-yl)-(2-(3-methylbutylamino)pyridin-3-yl)methanone""[tiab])",True,auto broad-recall lane; 3 synonym(s); corpus total=0 human=0
isrib_broadrecall_tiab_v1,isrib,broad,"(""ISRIB""[tiab] OR ""Integrated Stress Response inhibitor""[tiab] OR ""C7B""[tiab] OR ""trans-ISRIB""[tiab] OR ""2-(4-chlorophenoxy)-N-(4-(2-(4-chlorophenoxy)acetamido)cyclohexyl)acetamide""[tiab] OR ""ISRIB compound""[tiab] OR ""cis-ISRIB""[tiab] OR ""2-(4-chlorophenoxy)-N-{4-[2-(4-chlorophenoxy)acetamido]cyclohexyl}acetamide""[tiab])",True,auto broad-recall lane; 7 synonym(s); corpus total=77 human=15
tak_653_broadrecall_tiab_v1,tak_653,broad,"(""TAK-653""[tiab] OR ""TAK 653""[tiab] OR ""Osavampator""[tiab])",True,auto broad-recall lane; 2 synonym(s); corpus total=1 human=0
amino_1mq_broadrecall_tiab_v1,amino_1mq,broad,"(""5-Amino-1MQ""[tiab] OR ""5 amino 1MQ""[tiab] OR ""Lopinavir""[tiab] OR ""Multiple Acyl-CoA Dehydrogenase Deficiency""[tiab] OR ""Glutaric Aciduria Type II""[tiab] OR ""ABT 378""[tiab] OR ""Multiple Acyl Coenzyme A Dehydrogenase Deficiency""[tiab] OR ""Glutaric Acidemia Type II""[tiab] OR ""Glutaric Aciduria, Type 2""[tiab] OR ""Ethylmalonic-Adipic Aciduria""[tiab] OR ""Glutaric Aciduria II""[tiab] OR ""Glutaric Acidemia, Type 2""[tiab] OR ""MADD (Multiple Acyl-CoA Dehydrogenase Deficiency)""[tiab] OR ""Electron Transfer Flavoprotein Deficiency""[tiab] OR ""3-Aminobenzoic Acids""[tiab] OR ""3-Aminobenzoic Acid Derivatives""[tiab] OR ""5-Aminobenzoic Acids""[tiab] OR ""3-Aminobenzoates""[tiab] OR ""Aciduria, Ethylmalonic-Adipic""[tiab] OR ""meta-Aminobenzoates""[tiab] OR ""meta Aminobenzoates""[tiab] OR ""m-Aminobenzoates""[tiab] OR ""m Aminobenzoates""[tiab] OR ""3 Aminobenzoates""[tiab])",True,auto broad-recall lane; 23 synonym(s); corpus total=0 human=0
gw501516_broadrecall_tiab_v1,gw501516,broad,"(""GW501516 (Cardarine)""[tiab] OR ""GW501516""[tiab] OR ""GW 501516""[tiab] OR ""Cardarine""[tiab] OR ""endurobol""[tiab] OR ""GW 1516""[tiab] OR ""GW 742""[tiab] OR ""GW-742""[tiab] OR ""GW742""[tiab] OR ""GW-501516""[tiab])",True,auto broad-recall lane; 9 synonym(s); corpus total=7 human=1
sr9009_broadrecall_tiab_v1,sr9009,broad,"(""SR9009""[tiab] OR ""SR 9009""[tiab])",True,auto broad-recall lane; 1 synonym(s); corpus total=22 human=4
sr9011_broadrecall_tiab_v1,sr9011,broad,"(""SR9011""[tiab] OR ""SR 9011""[tiab])",True,auto broad-recall lane; 1 synonym(s); corpus total=4 human=1
thymopentin_broadrecall_tiab_v1,thymopentin,broad,"(""Thymopentin (TP5)""[tiab] OR ""Thymopentin""[tiab] OR ""TP5""[tiab])",True,auto broad-recall lane; 2 synonym(s); corpus total=34 human=6
idr_1018_broadrecall_tiab_v1,idr_1018,broad,"(""IDR-1018""[tiab] OR ""IDR 1018""[tiab] OR ""Peptide 1018""[tiab] OR ""Innate defense regulator 1018""[tiab] OR ""VRLIVAVRIWRR""[tiab] OR ""innate defense regulating peptide 1018""[tiab] OR ""valyl-arginyl-leucyl-isoleucyl-valyl-alanyl-valyl-arginyl-isoleucyl-tryptophyl-arginyl-arginine""[tiab] OR ""Val-Arg-Leu-Ile-Val-Ala-Val-Arg-Ile-Trp-Arg-Arg""[tiab])",True,auto broad-recall lane; 7 synonym(s); corpus total=6 human=0
setmelanotide_broadrecall_tiab_v1,setmelanotide,broad,"(""Setmelanotide""[tiab] OR ""IMCIVREE""[tiab] OR ""RM-493""[tiab] OR ""BIM-22493""[tiab])",True,auto broad-recall lane; 3 synonym(s); corpus total=74 human=37
mazdutide_broadrecall_tiab_v1,mazdutide,broad,"(""Mazdutide""[tiab] OR ""IBI362""[tiab] OR ""IBI-362""[tiab] OR ""LY3305677""[tiab] OR ""OXM analog""[tiab])",True,auto broad-recall lane; 4 synonym(s); corpus total=33 human=14
survodutide_broadrecall_tiab_v1,survodutide,broad,"(""Survodutide""[tiab] OR ""BI 456906""[tiab] OR ""BI-456906""[tiab])",True,auto broad-recall lane; 2 synonym(s); corpus total=51 human=27
pemvidutide_broadrecall_tiab_v1,pemvidutide,broad,"(""Pemvidutide""[tiab] OR ""ALT-801""[tiab] OR ""ALT 801""[tiab])",True,auto broad-recall lane; 2 synonym(s); corpus total=11 human=5
orforglipron_broadrecall_tiab_v1,orforglipron,broad,"(""Orforglipron""[tiab] OR ""LY3502970""[tiab] OR ""LY-3502970""[tiab] OR ""Foundayo""[tiab] OR ""V6G""[tiab] OR ""OWL833""[tiab] OR ""EX-A7751""[tiab])",True,auto broad-recall lane; 6 synonym(s); corpus total=72 human=37
vk2735_broadrecall_tiab_v1,vk2735,broad,"(""VK2735""[tiab] OR ""VK-2735""[tiab])",True,auto broad-recall lane; 1 synonym(s); corpus total=1 human=1
danuglipron_broadrecall_tiab_v1,danuglipron,broad,"(""Danuglipron""[tiab] OR ""PF-06882961""[tiab] OR ""PF 06882961""[tiab] OR ""UK4""[tiab] OR ""s9851""[tiab] OR ""2-((4-(6-((4-cyano-2-fluorophenyl)methoxy)pyridin-2-yl)piperidin-1-yl)methyl)-3-(((2S)-oxetan-2-yl)methyl)benzimidazole-5-carboxylic acid""[tiab])",True,auto broad-recall lane; 5 synonym(s); corpus total=18 human=4
vasculotide_broadrecall_tiab_v1,vasculotide,broad,"(""Vasculotide""[tiab] OR ""VT peptide""[tiab])",True,auto broad-recall lane; 1 synonym(s); corpus total=3 human=0
angiotensin_1_7_broadrecall_tiab_v1,angiotensin_1_7,broad,"(""Angiotensin-(1-7) analogs""[tiab] OR ""Angiotensin-(1-7)""[tiab] OR ""Ang-(1-7)""[tiab] OR ""Ang 1-7""[tiab])",True,auto broad-recall lane; 3 synonym(s); corpus total=97 human=17
vilon_broadrecall_tiab_v1,vilon,broad,"(""Vilon""[tiab] OR ""Lys-Glu""[tiab] OR ""AB-17""[tiab] OR ""L-Lys-L-Glu""[tiab] OR ""Peptide vilon""[tiab] OR ""KE dipeptide""[tiab] OR ""Lysylglutamate""[tiab] OR ""lysylglutamic acid""[tiab] OR ""H-Lys(H-Glu-OH)-OH""[tiab] OR ""AB-0 peptide""[tiab] OR ""normophthal""[tiab])",True,auto broad-recall lane; 10 synonym(s); corpus total=0 human=0
vesugen_broadrecall_tiab_v1,vesugen,broad,"(""Vesugen""[tiab] OR ""Lys-Glu-Asp""[tiab] OR ""tripeptide t-38""[tiab] OR ""lysyl-glutamyl-aspartic acid""[tiab] OR ""t-38 tripeptide""[tiab])",True,auto broad-recall lane; 4 synonym(s); corpus total=0 human=0
cartalax_broadrecall_tiab_v1,cartalax,broad,"(""Cartalax""[tiab] OR ""Ala-Glu-Asp""[tiab] OR ""T-31 peptide""[tiab] OR ""alanyl-glutamyl-aspartic acid""[tiab] OR ""H-Asp-Glu-Asp-OH""[tiab])",True,auto broad-recall lane; 4 synonym(s); corpus total=0 human=0
cardogen_broadrecall_tiab_v1,cardogen,broad,"(""Cardogen / Cartagen""[tiab] OR ""Cardogen""[tiab] OR ""Cartagen""[tiab])",True,auto broad-recall lane; 2 synonym(s); corpus total=0 human=0
corgen_broadrecall_tiab_v1,corgen,broad,"(""CORGEN""[tiab])",True,LOW CONFIDENCE name-only lane; auto broad-recall lane; 0 synonym(s); corpus total=0 human=0
vesilute_broadrecall_tiab_v1,vesilute,broad,"(""VESILUTE""[tiab])",True,LOW CONFIDENCE name-only lane; auto broad-recall lane; 0 synonym(s); corpus total=0 human=0
prostamax_broadrecall_tiab_v1,prostamax,broad,"(""PROSTAMAX""[tiab])",True,LOW CONFIDENCE name-only lane; auto broad-recall lane; 0 synonym(s); corpus total=0 human=0
ldn_broadrecall_tiab_v1,ldn,broad,"(""Low-Dose Naltrexone (LDN)""[tiab] OR ""Low dose naltrexone""[tiab] OR ""LDN""[tiab])",True,auto broad-recall lane; 2 synonym(s); corpus total=55 human=23
alcar_broadrecall_tiab_v1,alcar,broad,"(""ALCAR (Acetyl-L-Carnitine)""[tiab] OR ""Acetyl-L-carnitine""[tiab] OR ""Acetyl L carnitine""[tiab] OR ""ALCAR""[tiab] OR ""Acetylcarnitine""[tiab] OR ""Carnitine Acetyltransferase""[tiab] OR ""Acylcarnitine Translocase""[tiab] OR ""Carnitine-Acylcarnitine Translocase""[tiab] OR ""Carnitine, Acetyl""[tiab] OR ""Carnitine Acyltransferases""[tiab] OR ""Carnitine O-Acetyltransferase""[tiab] OR ""Carnitine Translocase""[tiab] OR ""Acetyltransferase, Carnitine""[tiab] OR ""Levocarnitine Acetyl""[tiab] OR ""Carnitine-Acetyl-CoA-Transferase""[tiab] OR ""Translocase, Carnitine""[tiab] OR ""Acyltransferases, Carnitine""[tiab] OR ""Carnitine-Acetylcarnitine Translocase""[tiab] OR ""Medosan""[tiab] OR ""Carnitine Acylcarnitine Translocase""[tiab] OR ""Translocase, Carnitine-Acylcarnitine""[tiab])",True,auto broad-recall lane; 20 synonym(s); corpus total=67 human=21
p22_2_broadrecall_tiab_v1,p22_2,broad,"(""P-22–2""[tiab] OR ""P-22-2""[tiab] OR ""P22-2""[tiab] OR ""P 22-2""[tiab] OR ""elenic acid""[tiab] OR ""(R)-(-)-elenic acid (R-2,4-dimethyl-22-(p-hydroxyphenyl)-docos-3(E)-enoic acid)""[tiab] OR ""Cyp2d22 protein, mouse""[tiab] OR ""cytochrome P-450 Cyp2d22""[tiab] OR ""cytochrome P-450 CYP2D22 (murine)""[tiab] OR ""cytochrome P450, family 2, subfamily d, polypeptide 22, mouse""[tiab])",True,auto broad-recall lane; 9 synonym(s); corpus total=1 human=0
semaglutide_broadrecall_tiab_v1,semaglutide,broad,"(""Semaglutide""[tiab] OR ""Ozempic""[tiab] OR ""Wegovy""[tiab] OR ""Rybelsus""[tiab] OR ""NN9535""[tiab] OR ""Oral Semaglutide""[tiab] OR ""semaglutida""[tiab] OR ""53AXN4NNHX""[tiab] OR ""A10BJ06""[tiab])",True,auto broad-recall lane; 8 synonym(s); corpus total=0 human=0
liraglutide_broadrecall_tiab_v1,liraglutide,broad,"(""Liraglutide""[tiab] OR ""Victoza""[tiab] OR ""Saxenda""[tiab] OR ""NN2211""[tiab] OR ""IDegLira""[tiab] OR ""Liraglutida""[tiab] OR ""Xultophy""[tiab] OR ""Liraglutidum""[tiab] OR ""Liraglutide recombinant""[tiab] OR ""Liraglutide (rDNA origin)""[tiab] OR ""HSDB 8205""[tiab] OR ""NN 2211""[tiab] OR ""NN-2211""[tiab])",True,auto broad-recall lane; 12 synonym(s); corpus total=0 human=0
dulaglutide_broadrecall_tiab_v1,dulaglutide,broad,"(""Dulaglutide""[tiab] OR ""Trulicity""[tiab] OR ""LY2189265""[tiab] OR ""LY 2189265""[tiab] OR ""LY-2189265""[tiab])",True,auto broad-recall lane; 4 synonym(s); corpus total=0 human=0
exenatide_broadrecall_tiab_v1,exenatide,broad,"(""Exenatide""[tiab] OR ""Exendin-4""[tiab] OR ""Byetta""[tiab] OR ""Bydureon""[tiab] OR ""AC2993""[tiab] OR ""Exendin 4""[tiab] OR ""Exenatide Synthetic""[tiab] OR ""ITCA-650""[tiab] OR ""AC3174""[tiab] OR ""PT302""[tiab] OR ""exenatida""[tiab] OR ""BYDUREON BCISE""[tiab] OR ""AC-2993""[tiab] OR ""DA-3091""[tiab] OR ""AC2993A""[tiab] OR ""Ex4 peptide""[tiab] OR ""HSDB 7789""[tiab] OR ""Heloderma suspectum""[tiab] OR ""Gila Monsters""[tiab] OR ""Gila Monster""[tiab] OR ""Heloderma suspectum cinctum""[tiab] OR ""Banded Gila Monster""[tiab])",True,auto broad-recall lane; 21 synonym(s); corpus total=0 human=0
lixisenatide_broadrecall_tiab_v1,lixisenatide,broad,"(""Lixisenatide""[tiab] OR ""AVE0010""[tiab] OR ""Adlyxin""[tiab] OR ""Lyxumia""[tiab] OR ""ZP 10""[tiab] OR ""lixisenatida""[tiab] OR ""ZP10A peptide""[tiab] OR ""DES-38-proline-exendine-4 (Heloderma suspectum)-(1-39)-peptidylpenta-l-lysyl-l-lysinamide""[tiab] OR ""AVE 0010""[tiab] OR ""AVE-0010""[tiab] OR ""AQVE-10010""[tiab])",True,auto broad-recall lane; 10 synonym(s); corpus total=0 human=0
cagrisema_broadrecall_tiab_v1,cagrisema,broad,"(""CagriSema""[tiab] OR ""cagrilintide semaglutide""[tiab])",True,auto broad-recall lane; 1 synonym(s); corpus total=0 human=0
amycretin_broadrecall_tiab_v1,amycretin,broad,"(""Amycretin""[tiab] OR ""NN9487""[tiab] OR ""NNC0487-0111""[tiab])",True,auto broad-recall lane; 2 synonym(s); corpus total=0 human=0
petrelintide_broadrecall_tiab_v1,petrelintide,broad,"(""Petrelintide""[tiab] OR ""ZP8396""[tiab])",True,auto broad-recall lane; 1 synonym(s); corpus total=0 human=0
maridebart_cafraglutide_broadrecall_tiab_v1,maridebart_cafraglutide,broad,"(""Maridebart cafraglutide (MariTide)""[tiab] OR ""Maridebart cafraglutide""[tiab] OR ""MariTide""[tiab] OR ""AMG 133""[tiab] OR ""AMG133""[tiab])",True,auto broad-recall lane; 4 synonym(s); corpus total=0 human=0
efinopegdutide_broadrecall_tiab_v1,efinopegdutide,broad,"(""Efinopegdutide""[tiab] OR ""MK-6024""[tiab] OR ""HM12525A""[tiab] OR ""JNJ-64565111""[tiab])",True,auto broad-recall lane; 3 synonym(s); corpus total=0 human=0
ecnoglutide_broadrecall_tiab_v1,ecnoglutide,broad,"(""Ecnoglutide""[tiab] OR ""XW003""[tiab])",True,auto broad-recall lane; 1 synonym(s); corpus total=0 human=0
tesofensine_broadrecall_tiab_v1,tesofensine,broad,"(""Tesofensine""[tiab] OR ""NS2330""[tiab] OR ""NS-2330""[tiab] OR ""(1R-(2-endo,3-exo))-3-(3,4-dichlorophenyl)-2-(ethoxymethyl)-8-methyl-8-azabicyclo(3,2,1)octane-2-hydroxy-1,2,3-propanetricarboxylate""[tiab])",True,auto broad-recall lane; 3 synonym(s); corpus total=0 human=0
bimagrumab_broadrecall_tiab_v1,bimagrumab,broad,"(""Bimagrumab""[tiab] OR ""BYM338""[tiab] OR ""BYM-338""[tiab])",True,auto broad-recall lane; 2 synonym(s); corpus total=0 human=0
efruxifermin_broadrecall_tiab_v1,efruxifermin,broad,"(""Efruxifermin""[tiab] OR ""AKR-001""[tiab] OR ""AMG 876""[tiab])",True,auto broad-recall lane; 2 synonym(s); corpus total=0 human=0
pegozafermin_broadrecall_tiab_v1,pegozafermin,broad,"(""Pegozafermin""[tiab] OR ""BIO89-100""[tiab])",True,auto broad-recall lane; 1 synonym(s); corpus total=0 human=0
teriparatide_broadrecall_tiab_v1,teriparatide,broad,"(""Teriparatide""[tiab] OR ""PTH 1-34""[tiab] OR ""Forteo""[tiab] OR ""Pth (1-34)""[tiab] OR ""hPTH (1-34)""[tiab] OR ""Human PTH (1-34)""[tiab] OR ""Human Parathyroid Hormone (1-34)""[tiab] OR ""TERIPARATIDE RECOMBINANT HUMAN""[tiab] OR ""Forsteo""[tiab] OR ""Parathyroid Hormone Fragment (1-34)""[tiab] OR ""Teriparatide Acetate""[tiab] OR ""Teriparatida""[tiab] OR ""RGB-10""[tiab] OR ""Parathar""[tiab] OR ""BONSITY""[tiab] OR ""Teriparatidum""[tiab] OR ""1-34-Human PTH""[tiab] OR ""ZT-034""[tiab] OR ""MN 10T""[tiab])",True,auto broad-recall lane; 18 synonym(s); corpus total=0 human=0
abaloparatide_broadrecall_tiab_v1,abaloparatide,broad,"(""Abaloparatide""[tiab] OR ""BA058""[tiab] OR ""Tymlos""[tiab] OR ""Abaloparatide-SC""[tiab] OR ""abaloparatida""[tiab])",True,auto broad-recall lane; 4 synonym(s); corpus total=0 human=0
navitoclax_broadrecall_tiab_v1,navitoclax,broad,"(""Navitoclax""[tiab] OR ""ABT-263""[tiab] OR ""ABT-263 (Navitoclax)""[tiab] OR ""s1001""[tiab] OR ""Navitoclax (ABT-263)""[tiab] OR ""T2101""[tiab] OR ""ABT 263""[tiab] OR ""ABT263""[tiab])",True,auto broad-recall lane; 7 synonym(s); corpus total=0 human=0
trofinetide_broadrecall_tiab_v1,trofinetide,broad,"(""Trofinetide""[tiab] OR ""NNZ-2566""[tiab] OR ""Daybue""[tiab] OR ""ACP-2566""[tiab] OR ""L-Glutamic acid, glycyl-2-methyl-L-prolyl-""[tiab] OR ""Z2ME8F52QL""[tiab] OR ""Glycyl-2-methyl-L-prolyl-L-glutamic acid""[tiab] OR ""glycyl-L-2-methylprolyl-L-glutamic acid""[tiab] OR ""CS-8154""[tiab] OR ""NNZ 2566""[tiab] OR ""NNZ2566""[tiab])",True,auto broad-recall lane; 10 synonym(s); corpus total=0 human=0
mk_677_broadrecall_tiab_v1,mk_677,broad,"(""MK-677 (Ibutamoren)""[tiab] OR ""MK-677""[tiab] OR ""MK677""[tiab] OR ""Ibutamoren""[tiab] OR ""Ibutamoren mesylate""[tiab] OR ""L-163191""[tiab] OR ""MK 0677""[tiab] OR ""MK-0677""[tiab] OR ""L 163191""[tiab] OR ""L 163,191""[tiab])",True,auto broad-recall lane; 9 synonym(s); corpus total=0 human=0
apelin_broadrecall_tiab_v1,apelin,broad,"(""Apelin""[tiab] OR ""Apelin-13""[tiab] OR ""Apelin-17""[tiab] OR ""Apelin-36""[tiab] OR ""APLN""[tiab] OR ""PyrAp13""[tiab] OR ""apelin-14""[tiab] OR ""apelin 13, Pyr(1)-""[tiab] OR ""(Pyr1)apelin13""[tiab] OR ""apelin 13, pyroglutamyl(1)-""[tiab] OR ""1-Pyr-apelin 13""[tiab] OR ""(Pyr1)apelin-13""[tiab])",True,auto broad-recall lane; 11 synonym(s); corpus total=0 human=0
elabela_broadrecall_tiab_v1,elabela,broad,"(""Elabela (Toddler/Apela)""[tiab] OR ""Elabela""[tiab] OR ""Toddler peptide""[tiab] OR ""Apela""[tiab] OR ""Apela protein, mouse""[tiab] OR ""Toddler protein, mouse""[tiab] OR ""Ela32 protein, mouse""[tiab] OR ""Ela protein, mouse""[tiab] OR ""Elabela protein, mouse""[tiab])",True,auto broad-recall lane; 8 synonym(s); corpus total=0 human=0
serelaxin_broadrecall_tiab_v1,serelaxin,broad,"(""Serelaxin""[tiab] OR ""RLX030""[tiab] OR ""recombinant human relaxin-2""[tiab] OR ""rhRLX""[tiab] OR ""Recombinant human relaxin""[tiab] OR ""Human relaxin 2""[tiab] OR ""Human relaxin II""[tiab] OR ""H2 relaxin, human""[tiab] OR ""serelaxine""[tiab] OR ""serelaxin protein, human""[tiab])",True,auto broad-recall lane; 9 synonym(s); corpus total=0 human=0
gdf15_broadrecall_tiab_v1,gdf15,broad,"(""GDF15""[tiab] OR ""GDF-15""[tiab] OR ""growth differentiation factor 15""[tiab] OR ""MIC-1""[tiab] OR ""NAG-1""[tiab] OR ""GFRAL ligand""[tiab] OR ""GDF15 protein, human""[tiab] OR ""Gdf15 protein, rat""[tiab] OR ""growth differentiation factor 15 protein, rat""[tiab] OR ""Gdf15 protein, mouse""[tiab] OR ""growth differentiation factor 15 protein, mouse""[tiab] OR ""macrophage inhibiting cytokine-1 protein, mouse""[tiab] OR ""MIC-1 protein, mouse""[tiab])",True,auto broad-recall lane; 12 synonym(s); corpus total=0 human=0
klotho_broadrecall_tiab_v1,klotho,broad,"(""Klotho""[tiab] OR ""alpha-Klotho""[tiab] OR ""α-Klotho""[tiab] OR ""soluble klotho""[tiab] OR ""sKlotho""[tiab] OR ""KL protein""[tiab] OR ""KLB protein, human""[tiab] OR ""beta-klotho protein, human""[tiab] OR ""klotho beta protein, human""[tiab] OR ""Lctl protein, mouse""[tiab] OR ""klotho-LPH related protein, mouse""[tiab] OR ""KLPH protein, mouse""[tiab])",True,auto broad-recall lane; 11 synonym(s); corpus total=0 human=0
fgf21_broadrecall_tiab_v1,fgf21,broad,"(""FGF21""[tiab] OR ""FGF-21""[tiab] OR ""fibroblast growth factor 21""[tiab] OR ""fibroblast growth factor-21 receptor, mouse""[tiab] OR ""FGF-21 receptors, mouse""[tiab] OR ""FGF-21 receptor, mouse""[tiab] OR ""receptor, FGF-21, mouse""[tiab])",True,auto broad-recall lane; 6 synonym(s); corpus total=0 human=0
myostatin_broadrecall_tiab_v1,myostatin,broad,"(""Myostatin (GDF-8)""[tiab] OR ""Myostatin""[tiab] OR ""GDF-8""[tiab] OR ""GDF8""[tiab] OR ""growth differentiation factor 8""[tiab] OR ""MSTN""[tiab] OR ""Myostatin-related muscle hypertrophy""[tiab] OR ""Muscle Hypertrophy Syndrome""[tiab] OR ""Mstnb protein, zebrafish""[tiab])",True,auto broad-recall lane; 8 synonym(s); corpus total=0 human=0
follistatin_broadrecall_tiab_v1,follistatin,broad,"(""Follistatin""[tiab] OR ""FST protein""[tiab] OR ""follistatin-315""[tiab] OR ""FS-315""[tiab] OR ""Activin-Binding Protein""[tiab] OR ""Follistatin-Like Protein 1""[tiab] OR ""Follistatin-Related Protein 1""[tiab] OR ""FLRG Protein""[tiab] OR ""Follistatin-Related Proteins""[tiab] OR ""Follistatin-Like Protein 3""[tiab] OR ""Follistatin Related Proteins""[tiab] OR ""Follistatin Like Protein 3""[tiab] OR ""FSTL3 Gene Product""[tiab] OR ""Follistatin-Like Secreted Glycoprotein""[tiab])",True,auto broad-recall lane; 13 synonym(s); corpus total=0 human=0
ace_031_broadrecall_tiab_v1,ace_031,broad,"(""ACE-031 (Ramatercept)""[tiab] OR ""ACE-031""[tiab] OR ""Ramatercept""[tiab] OR ""ActRIIB-Fc""[tiab])",True,auto broad-recall lane; 3 synonym(s); corpus total=0 human=0
sotatercept_broadrecall_tiab_v1,sotatercept,broad,"(""Sotatercept""[tiab] OR ""ACE-011""[tiab] OR ""ACE011""[tiab] OR ""Winrevair""[tiab])",True,auto broad-recall lane; 3 synonym(s); corpus total=0 human=0
nnc0165_1875_broadrecall_tiab_v1,nnc0165_1875,broad,"(""Amylin agonist NNC0165-1875""[tiab] OR ""NNC0165-1875""[tiab] OR ""NNC0165 1875""[tiab])",True,auto broad-recall lane; 2 synonym(s); corpus total=0 human=0
enavogliflozin_broadrecall_tiab_v1,enavogliflozin,broad,"(""Enavogliflozin""[tiab] OR ""DWP16001""[tiab] OR ""Envlo""[tiab] OR ""GCC5694A""[tiab] OR ""(2S,3R,4R,5S,6R)-2-(7-chloro-6-((4-cyclopropylphenyl)methyl)-2,3-dihydro-1-benzofuran-4-yl)-6-(hydroxymethyl)oxane-3,4,5-triol""[tiab])",True,auto broad-recall lane; 4 synonym(s); corpus total=0 human=0
empagliflozin_broadrecall_tiab_v1,empagliflozin,broad,"(""Empagliflozin""[tiab] OR ""BI 10773""[tiab] OR ""Jardiance""[tiab] OR ""7R3""[tiab] OR ""Empagliflozina""[tiab] OR ""Empagliflozine""[tiab] OR ""Empagliflozin (Standard)""[tiab] OR ""HDC1R2M35U""[tiab] OR ""Empagliflozinum""[tiab] OR ""1-chloro-4-(glucopyranos-1-yl)-2-(4-(tetrahydrofuran-3-yloxy)benzyl)benzene""[tiab] OR ""BI-10773""[tiab] OR ""BI10773""[tiab])",True,auto broad-recall lane; 11 synonym(s); corpus total=0 human=0
dapagliflozin_broadrecall_tiab_v1,dapagliflozin,broad,"(""Dapagliflozin""[tiab] OR ""BMS-512148""[tiab] OR ""Farxiga""[tiab] OR ""Forxiga""[tiab] OR ""Dapagliflozina""[tiab] OR ""dapagliflozine""[tiab] OR ""s1548""[tiab] OR ""1ULL0QJ8UC""[tiab] OR ""(2S,3R,4R,5S,6R)-2-(4-chloro-3-(4-ethoxybenzyl)phenyl)-6- (hydroxymethyl)tetrahydro-2H-pyran-3,4,5-triol""[tiab] OR ""2-(3-(4-ethoxybenzyl)-4-chlorophenyl)-6-hydroxymethyltetrahydro-2H-pyran-3,4,5-triol""[tiab] OR ""BMS 512148""[tiab] OR ""BMS512148""[tiab])",True,auto broad-recall lane; 11 synonym(s); corpus total=0 human=0
canagliflozin_broadrecall_tiab_v1,canagliflozin,broad,"(""Canagliflozin""[tiab] OR ""JNJ-28431754""[tiab] OR ""TA-7284""[tiab] OR ""Invokana""[tiab] OR ""Canagliflozine""[tiab] OR ""Canagliflozin Hemihydrate""[tiab] OR ""Canagliflozina""[tiab] OR ""rongliflozin""[tiab] OR ""DJT1116PG""[tiab] OR ""Canagliflozin, Anhydrous""[tiab] OR ""1-(Glucopyranosyl)-4-methyl-3-(5-(4-fluorophenyl)-2-thienylmethyl)benzene - T777973""[tiab])",True,auto broad-recall lane; 10 synonym(s); corpus total=0 human=0
17_alpha_estradiol_broadrecall_tiab_v1,17_alpha_estradiol,broad,"(""17-alpha-Estradiol""[tiab] OR ""17a-estradiol""[tiab] OR ""17α-estradiol""[tiab] OR ""alfatradiol""[tiab] OR "">>-Estradiol""[tiab] OR ""alpha-Estradiol""[tiab] OR ""Estradiol-17alpha""[tiab] OR ""17?-Estradiol""[tiab] OR ""17alpha-E2""[tiab] OR ""ESTRADIOL, ALPHA-""[tiab] OR ""Oestradiol-17.alpha.""[tiab] OR ""17.alpha.-Oestradiol""[tiab] OR ""Epiestradiol""[tiab] OR ""Epiestrol""[tiab] OR ""17-Epiestradiol""[tiab] OR ""Estrogens, Conjugated (USP)""[tiab] OR ""Conjugated Estrogens""[tiab] OR ""Conjugated Estrogen""[tiab] OR ""Estrogen, Conjugated""[tiab] OR ""Estrogens, Conjugated""[tiab] OR ""Estrogenic Substances, Conjugated""[tiab] OR ""17alpha-Estradiol""[tiab])",True,auto broad-recall lane; 21 synonym(s); corpus total=0 human=0
spermidine_broadrecall_tiab_v1,spermidine,broad,"(""Spermidine""[tiab] OR ""spermidine trihydrochloride""[tiab] OR ""SPD""[tiab] OR ""SR0""[tiab] OR ""gp130 Signal transducer""[tiab] OR ""1pot""[tiab] OR ""Spermidin""[tiab] OR ""4-Azaoctane-1,8-diamine""[tiab] OR ""1,5,10-Triazadecane""[tiab] OR ""Spermine Synthase""[tiab] OR ""Synthase, Spermine""[tiab] OR ""Spermidine Aminopropyltransferase""[tiab] OR ""Aminopropyltransferase, Spermidine""[tiab] OR ""Spermine Synthetase""[tiab] OR ""Synthetase, Spermine""[tiab])",True,auto broad-recall lane; 14 synonym(s); corpus total=0 human=0
ergothioneine_broadrecall_tiab_v1,ergothioneine,broad,"(""Ergothioneine""[tiab] OR ""L-ergothioneine""[tiab] OR ""EGT""[tiab] OR ""Thioneine""[tiab] OR ""Ergothionine""[tiab] OR ""2 Thiol L histidine betaine""[tiab] OR ""Thiasine""[tiab] OR ""ERGOLD""[tiab] OR ""2-Thiol-L-histidine-betaine""[tiab])",True,auto broad-recall lane; 8 synonym(s); corpus total=0 human=0
taurine_broadrecall_tiab_v1,taurine,broad,"(""Taurine""[tiab] OR ""2-aminoethanesulfonic acid""[tiab] OR ""Aminoethanesulfonic acid""[tiab] OR ""L-Taurine""[tiab] OR ""taufon""[tiab] OR ""Taurina""[tiab] OR ""aminoethylsulfonic acid""[tiab] OR ""2-aminoethane-1-sulfonic acid""[tiab] OR ""Taurinum""[tiab] OR ""Cysteine Dioxygenase""[tiab] OR ""Dioxygenase, Cysteine""[tiab] OR ""Cysteine Dioxygenase Type I""[tiab] OR ""Cysteine Oxidase""[tiab] OR ""Oxidase, Cysteine""[tiab] OR ""Cholic Acid""[tiab])",True,auto broad-recall lane; 14 synonym(s); corpus total=0 human=0
cotadutide_broadrecall_tiab_v1,cotadutide,broad,"(""Cotadutide""[tiab] OR ""MEDI0382""[tiab] OR ""MEDI-0382""[tiab])",True,auto broad-recall lane; 2 synonym(s); corpus total=0 human=0
insulin_icodec_broadrecall_tiab_v1,insulin_icodec,broad,"(""Insulin icodec""[tiab] OR ""NN1436""[tiab] OR ""icodec""[tiab] OR ""Awiqli""[tiab] OR ""insulin icodec-abae""[tiab])",True,auto broad-recall lane; 4 synonym(s); corpus total=0 human=0
