molecule_id,display_name,pubchem_cid,pubchem_name,mesh_terms,confidence
slu_pp_332,SLU-PP-332,5338394,SLU-PP-332,,high
retatrutide,Retatrutide,,,retatrutide; LY3437943,medium
selank,Selank,11765600,Selank,TP 7; threonyl-lysyl-prolyl-arginyl-prolyl-glycyl-proline; TP-7; Thr-Lys-Pro-Arg-Pro-Gly-Pro; Selank,high
semax,Semax,9811102,Semax,"ACTH (4-7), Pro-Gly-Pro-; ACTH (4-7), prolyl-glycyl-proline-; Pro-Gly-Pro-ACTH (4-7); Semax; ACTH (4-10); corticotropin (4-10)",high
bpc_157,BPC-157,9941957,137525-51-0,BPC 157; BPC-157; BPC-15; BPC 15; booly protection compound 15,high
thymosin_beta_4,Thymosin Beta-4,45382195,Thymosin Beta 4,thymosin beta(4) sulfoxide; thymosin beta(4) (11-19); thymosin beta(4)alanine; thymosine beta(4)Ala; thymosine beta4 alanine,high
tb_500,TB-500,62707662,TB500,,high
thymosin_alpha_1,Thymosin Alpha-1,16130571,Thymalfasin,thymosin alpha(1) (24-28); EEAEN peptide; Glu-Glu-Ala-Glu-Asn; glutamyl-glutamyl-alanyl-glutamyl-asparagine; thymosin alpha1 (24-28); Thymalfasin,high
sermorelin,Sermorelin,16132413,SERMORELIN,Sermorelin; Somatotropin-Releasing-Hormone(1-29)Amide; GHRH(1-29)NH2; GRF(1-29)NH2; hGHRH(1-29)NH2; Growth Hormone-Releasing Factor(1-29)Amide,high
cjc_1295,CJC-1295,91971820,CJC 1295,CJC 1295; CJC-1295; CJC1295,high
ipamorelin,Ipamorelin,9831659,Ipamorelin,ipamorelin; Aib-His-2Nal-Phe-Lys-NH2,high
tesamorelin,Tesamorelin,16137828,Tesamorelin,tesamorelin; TH9507; TH-9507; egrifta,high
hexarelin,Hexarelin,6918297,Hexarelin,cortistatin-8; CST-8 peptide; tyrosyl-alanyl-hexarelin; Tyr-Ala-HEX; Tyr-Ala-hexarelin; hexarelin,high
ghrp_2,GHRP-2,6918245,Pralmorelin,growth hormone-releasing peptide-2; pralmorelin; D-alanyl-3-(2-naphthyl)-D-alanyl-L-alanyl-L-tryptophyl-D-phenylalanyl-L-lysinamide; Ala-beta-Nal-Ala-Trp-Phe-Lys-NH2; GHRP-2; alanyl-(2-naphthyl)alanyl-alanyl-tryptophyl-phenylalanyl-lysinamide,high
ghrp_6,GHRP-6,4345065,Ghrp-6,"GHRP-6, Lys(3)-; 3-Lys-GHRP-6; GHRP-6, lysyl(3)-; (D-Lys-3)-GHRP-6; (D-Lys-3)-growth hormone-releasing peptide-6; D-Lys3-GHRP-6",high
ghk_cu,GHK-Cu,139035031,Copper tripeptide,glycyl-histidyl-lysine; Gly-His-Lys; glycylhistidyllysine; Iamin; copper glycyl-histidyl-lysine; copper(II)GHK,high
dsip,DSIP,68816,Emideltide,"Delta Sleep-Inducing Peptide; Peptide, Delta Sleep-Inducing; Sleep-Inducing Peptide, Delta; Delta-Sleep-Inducing Peptide; Peptide, Delta-Sleep-Inducing; Delta-Sleep-Inducing-Peptide",high
mots_c,MOTS-c,146675088,Mots-c,"Mots-C peptide, mouse; mt-Rnr1 protein, mouse; Mitochondrial-derived peptide MOTS-c, mouse; mitochondrially encoded 12S rRNA peptide, mouse; MOTS-c peptide, human",high
humanin,Humanin,16131438,Humanin,"VSTM2L protein, human; V-set and transmembrane domain containing 2 like protein, human; C20orf102 protein, human; AGA-(C8R)HNG17; Colivelin",high
kisspeptin,Kisspeptin,71306396,Kisspeptin,Kisspeptins; Kisspeptin; Metastins; Metastin; Kisspeptin-1; Kisspeptin 1,high
pt_141,PT-141 (Bremelanotide),9941379,Bremelanotide,bremelanotide; PT-141; Vyleesi,medium
melanotan_ii,Melanotan II,92432,Melanotan II,melanotan-II,high
melanotan_i,Melanotan I,16197727,Afamelanotide,"MSH, 4-Nle-7-Phe-alpha-; 4-Nle-7-Phe-alpha-MSH; 4-norleucine-7-D-phenylalanine-alpha-melanocyte-stimulating hormone; 4-norleucyl-7-phenylalanine-alpha-MSH; MSH, 4-norleucyl-7-phenylalanine-alpha-; alpha-MSH, Nle(4)-Phe(7)-",high
dihexa,Dihexa,129010512,dihexa,N-hexanoic-Tyr-Ile-(6) aminohexanoic amide; dihexa,high
cerebrolysin,Cerebrolysin,,,N-PEP-12; cerebrolysin; cerebrolyzin; cerebrolysin ebewe; cerebrolysine; FPF1070,medium
cagrilintide,Cagrilintide,171397054,Cagrilintide,cagrilintide,high
aod_9604,AOD-9604,71300630,AOD 9604,"AOD 9604; AOD-9604; AOD9604; somatostatin (177-191), Tyr-; somatostatin (177-191), tyrosyl-; Tyr-somatostatin (177-191)",high
follistatin_344,Follistatin-344,,,,medium
igf_1_lr3,IGF-1 LR3,,,,medium
igf_1_des,IGF-1 DES,,,"insulin-like growth factor 1, des-(1-3)-; des(1-3)IGF-I; des-(1-3)-IGF-1; IGF-1, des(1-3)-",medium
epitalon,Epitalon (Epithalon),,,alanyl-glutamyl-aspartyl-glycine; Ala-Glu-Asp-Gly; epitalon; epithalon; epithalone; AE-0 peptide,medium
thymalin,Thymalin,3085284,Nonathymulin,thymohemin; thymalin; thymarin; thymarin III; thymus factor III,high
pinealon,Pinealon,10273502,Glu-Asp-Arg,pinealon; T-33 peptide; Glu-Asp-Arg; glutamyl-aspartyl-arginine,high
ll_37,LL-37,16198951,LL-37,"Cathelicidins; Cathelicidin Antimicrobial Peptide; Cathelicidin; Bac4 Protein, Bos taurus; eCATH-1 protein, Equus caballus; eCATH 1 protein, Equus caballus",high
peg_mgf,PEG-MGF,,,,medium
mgf_igf1ec,MGF (IGF-1Ec),,,"mechano-growth factor, rat; MGF protein, rat; IGF-I Eb protein, rat",none
gdf_11,GDF-11,,,"GDF11 protein, human; BMP11 protein, human; bone morphogenetic protein 11, human; growth differentiation factor 11 protein, human",medium
kpv,KPV,13294447,2-oxo-5-phenylpentanoic acid,,high
foxo4_dri,FOXO4-DRI,167312269,FOXO4-DRI,,high
ara_290,ARA-290 (Cibinetide),,,cibinetide; pGlu-Glu-Gln-Leu-Glu-Arg-Ala-Leu-Asn-Ser-Ser; pHBSP peptide; pyroglutamate-glutamyl-glutaminyl-leucyl-glutamyl-arginyl-alanyl-leucyl-asparagyl-seryl-serine; UEQLERALNSS; pyroglutamate helix B surface peptide,medium
p21_peptide,P21 peptide,,,,medium
ss_31,SS-31 (Elamipretide),,,"elamipretide; arginyl-2,'6'-dimethyltyrosyl-lysyl-phenylalaninamide; Arg-Dmt-Lys-Phe-NH2; D-Arg-Dmt-Lys-Phe-NH2; bendavia; MTP-131",medium
noopept,Noopept,180496,Noopept,ethyl phenylacetyl-Pro-Gly; omberacetam; N-phenylacetyl-L-prolylglycine ethyl ester; GVS 111; SGS-111; DVD-111,high
prl_8_53,PRL-8-53,70700868,51352-87-5,PRL-8-53; 3-(2-benzylmethylaminoethyl)benzoic acid methyl ester hydrochloride,high
nsi_189,NSI-189,50922681,NSI-189,NSI-189; (4-benzylpiperazin-1-yl)-(2-(3-methylbutylamino)pyridin-3-yl)methanone; NSI-189 phosphate,high
isrib,ISRIB,1011240,2-(4-chlorophenoxy)-N-{4-[2-(4-chlorophenoxy)acetamido]cyclohexyl}acetamide,2-(4-chlorophenoxy)-N-(4-(2-(4-chlorophenoxy)acetamido)cyclohexyl)acetamide; ISRIB compound; cis-ISRIB; trans-ISRIB,high
tak_653,TAK-653,56655833,TAK-653,,high
amino_1mq,5-Amino-1MQ,,,meta-Aminobenzoates; meta Aminobenzoates; m-Aminobenzoates; m Aminobenzoates; 3-Aminobenzoates; 3 Aminobenzoates,medium
gw501516,GW501516 (Cardarine),,,GW 742; GW-742; GW742; GW 501516; GW-501516; GW501516,medium
sr9009,SR9009,57394020,SR9009,SR9009,high
sr9011,SR9011,57394021,SR9011,SR9011,high
urolithin_a,Urolithin A,5488186,urolithin A,"3,8-dihydroxy-6H-dibenzo(b,d)pyran-6-one glucuronide; urolithin A glucuronide; Uro-A-Gluc; 3,8-dihydroxy-6H-dibenzo(b,d)pyran-6-one; urolithin A",high
nmn,NMN (Nicotinamide mononucleotide),,,"Nicotinamide Phosphoribosyltransferase; Phosphoribosyltransferase, Nicotinamide; NAmPRTase; NAMPT Protein; NMN Pyrophosphorylase; Pre-B-Cell Colony-Enhancing Factor",medium
nicotinamide_riboside,Nicotinamide Riboside (NR),,,,medium
thymopentin,Thymopentin (TP5),,,,medium
idr_1018,IDR-1018,155527735,IDR-1018,innate defense regulating peptide 1018; valyl-arginyl-leucyl-isoleucyl-valyl-alanyl-valyl-arginyl-isoleucyl-tryptophyl-arginyl-arginine; Val-Arg-Leu-Ile-Val-Ala-Val-Arg-Ile-Trp-Arg-Arg; VRLIVAVRIWRR; IDR 1018; IDR-1018,high
setmelanotide,Setmelanotide,11993702,Setmelanotide,setmelanotide; BIM-22493; RM-493; imcivree,high
tirzepatide,Tirzepatide,166567236,Tirzepatide,Tirzepatide; LY3298176; Zepbound; Mounjaro,high
mazdutide,Mazdutide,167312357,Mazdutide,mazdutide; IBI362; LY3305677,high
survodutide,Survodutide,171378821,Survodutide,,high
pemvidutide,Pemvidutide,,,,medium
orforglipron,Orforglipron,137319706,Orforglipron,orforglipron; Foundayo; LY3502970,high
vk2735,VK2735,,,,medium
danuglipron,Danuglipron,134611040,Danuglipron,danuglipron; 2-((4-(6-((4-cyano-2-fluorophenyl)methoxy)pyridin-2-yl)piperidin-1-yl)methyl)-3-(((2S)-oxetan-2-yl)methyl)benzimidazole-5-carboxylic acid; PF-06882961,high
rapamycin,Rapamycin (Sirolimus),5284616,rapamycin,"TOR Serine-Threonine Kinases; Kinases, TOR Serine-Threonine; Serine-Threonine Kinases, TOR; TOR Serine Threonine Kinases; Mammalian Target of Rapamycin; TOR Kinase",high
metformin,Metformin,4091,metformin,Phenformin; Fenformin; Phenylethylbiguanide; Metformin; Dimethylbiguanidine; Dimethylguanylguanidine,high
dasatinib,Dasatinib,3062316,Dasatinib,"N-(2-chloro-6-methylphenyl)-2-((6-(4-(2-hydroxyethyl)piperazin-1-yl)-2-methylpyrimidin-4-yl)amino)-1,3-thiazole-5-carboxamide; JLTN compound; DASATINIB N-Oxide; N-(2-chloro-6-methylphenyl)-2-((6-(4-(2-hydroxyethyl)-4-oxidopiperazin-4-ium-1-yl)-2-methylpyrimidin-4-yl)amino)-1,3-thiazole-5-carboxamide; UM-164; UM-164 compound",high
quercetin,Quercetin,5280343,quercetin,Kaempferols; Alchemilla; Alchemillas; Lady's Mantle; Lady Mantle; Ladys Mantle,high
fisetin,Fisetin,5281614,Fisetin,"fisetin; 3,3',4',7-Tetrahydroxy-flavone; 3,3',4',7-Tetrahydroxyflavone; 5-Desoxy-quercetin; 2-(3,4-dihydroxyphenyl)-3,7-dihydroxy-4H-1-benzopyran-4-one; fisetinidin",high
akg,Alpha-Ketoglutarate (AKG),,,,medium
vasculotide,Vasculotide,,,Vasculotide; VT peptide,medium
angiotensin_1_7,Angiotensin-(1-7) analogs,,,,none
vilon,Vilon,7010502,lysylglutamic acid,lysylglutamic acid; H-Lys(H-Glu-OH)-OH; Lys-Glu; AB-0 peptide; Vilon; normophthal,high
vip,VIP (Vasoactive Intestinal Peptide),,,"Receptors, Vasoactive Intestinal Peptide, Type II; VPAC2 Receptor; Receptor, VPAC2; Vasoactive Intestinal Peptide 2 Receptor; PACAP Type III Receptor; Vasoactive Intestinal Peptide Receptors, Type II",medium
vesugen,Vesugen,,,lysyl-glutamyl-aspartic acid; Lys-Glu-Asp; tripeptide t-38; t-38 tripeptide; vesugen,medium
cartalax,Cartalax,87815447,alanyl-glutamyl-aspartic acid,alanyl-glutamyl-aspartic acid; Ala-Glu-Asp; H-Asp-Glu-Asp-OH; cartalax; T-31 peptide,medium
cardogen,Cardogen / Cartagen,,,,none
corgen,CORGEN,,,,medium
vesilute,VESILUTE,,,,none
prostamax,PROSTAMAX,9848296,Prostamax,Prostamax; lysyl-glutamyl-aspartyl-proline; H-Lys-Glu-Asp-Pro-OH,high
ldn,Low-Dose Naltrexone (LDN),,,,medium
methylene_blue,Methylene Blue,6099,methylene blue,"Methylene Blue; Blue, Methylene; Basic Blue 9; Blue 9, Basic; Methylene Blue N; Blue N, Methylene",high
alcar,ALCAR (Acetyl-L-Carnitine),,,"Carnitine Acyltransferases; Acyltransferases, Carnitine; Carnitine-Acylcarnitine Translocase; Carnitine Acylcarnitine Translocase; Translocase, Carnitine-Acylcarnitine; Acylcarnitine Translocase",medium
nadh,NADH,439153,NADH,"NAD (+) and NADP (+) Dependent Alcohol Oxidoreductases; Alchohol Oxidoreductases, NAD (+) and NADP (+) Dependent; Aggregatibacter; Long-Chain-3-Hydroxyacyl-CoA Dehydrogenase; Dehydrogenase, Long-Chain-3-Hydroxyacyl-CoA; Long Chain 3 Hydroxyacyl CoA Dehydrogenase",high
glutathione,Glutathione,124886,glutathione,Phytochelatins; Phytochelatin; Glutaredoxins; Glutaredoxin; Thioltransferase; Glutaredoxin 1,high
p22_2,P-22–2,,,"elenic acid; (R)-(-)-elenic acid (R-2,4-dimethyl-22-(p-hydroxyphenyl)-docos-3(E)-enoic acid); Cyp2d22 protein, mouse; cytochrome P-450 Cyp2d22; cytochrome P-450 CYP2D22 (murine); cytochrome P450, family 2, subfamily d, polypeptide 22, mouse",medium
semaglutide,Semaglutide,56843331,Semaglutide,Semaglutide; Ozempic; Rybelsus; Wegovy,high
liraglutide,Liraglutide,16134956,Liraglutide,Xultophy; IDegLira; Liraglutide; NN 2211; NN-2211; NN2211,high
dulaglutide,Dulaglutide,,,dulaglutide; LY 2189265; LY2189265; LY-2189265; Trulicity,medium
exenatide,Exenatide,45588096,Exenatide,AC3174; Heloderma suspectum; Gila Monsters; Gila Monster; Heloderma suspectum cinctum; Banded Gila Monster,high
lixisenatide,Lixisenatide,90472060,Lixisenatide,lixisenatide; DES-38-proline-exendine-4 (Heloderma suspectum)-(1-39)-peptidylpenta-l-lysyl-l-lysinamide; AVE 0010; AVE-0010; AVE0010; AQVE-10010,high
cagrisema,CagriSema,,,,medium
amycretin,Amycretin,,,,medium
petrelintide,Petrelintide,172915807,Petrelintide,,high
maridebart_cafraglutide,Maridebart cafraglutide (MariTide),,,,none
efinopegdutide,Efinopegdutide,,,,medium
ecnoglutide,Ecnoglutide,162625103,Ecnoglutide,,high
tesofensine,Tesofensine,11370864,Tesofensine,"Tesofensine; (1R-(2-endo,3-exo))-3-(3,4-dichlorophenyl)-2-(ethoxymethyl)-8-methyl-8-azabicyclo(3,2,1)octane-2-hydroxy-1,2,3-propanetricarboxylate",high
bimagrumab,Bimagrumab,,,bimagrumab; BYM338; BYM-338,medium
efruxifermin,Efruxifermin,,,efruxifermin,medium
pegozafermin,Pegozafermin,,,,medium
teriparatide,Teriparatide,16133850,TERIPARATIDE,Teriparatide; hPTH (1-34); Human Parathyroid Hormone (1-34); Parathar; Teriparatide Acetate; Forteo,high
abaloparatide,Abaloparatide,76943386,Abaloparatide,abaloparatide; BA058; tymlos,high
navitoclax,Navitoclax,24978538,Navitoclax,navitoclax; ABT 263; ABT-263; ABT263,high
trofinetide,Trofinetide,11318905,Trofinetide,trofinetide; glycyl-2-methyl-l-prolyl-l-glutamic acid; glycyl-l-2-methylprolyl-l-glutamic acid; NNZ 2566; NNZ-2566; NNZ2566,high
mk_677,MK-677 (Ibutamoren),,,"ibutamoren mesylate; MK 0677; MK-0677; MK-677; L 163191; L 163,191",medium
apelin,Apelin,56841713,Apelin,"apelin 13, Pyr(1)-; apelin 13, pyroglutamyl(1)-; 1-Pyr-apelin 13; (Pyr1)apelin13; PyrAp13; (Pyr1)apelin-13",high
elabela,Elabela (Toddler/Apela),,,"Apela protein, mouse; Toddler protein, mouse; Ela32 protein, mouse; Ela protein, mouse; Elabela protein, mouse",medium
serelaxin,Serelaxin,71300755,SERELAXIN,"serelaxin protein, human; recombinant human relaxin-2",high
gdf15,GDF15,,,"Gdf15 protein, rat; growth differentiation factor 15 protein, rat; Gdf15 protein, mouse; growth differentiation factor 15 protein, mouse; macrophage inhibiting cytokine-1 protein, mouse; MIC-1 protein, mouse",medium
klotho,Klotho,,,"KLB protein, human; beta-klotho protein, human; klotho beta protein, human; Lctl protein, mouse; klotho-LPH related protein, mouse; KLPH protein, mouse",medium
fgf21,FGF21,,,"fibroblast growth factor-21 receptor, mouse; FGF-21 receptors, mouse; FGF-21 receptor, mouse; receptor, FGF-21, mouse; fibroblast growth factor 21; FGF-21",medium
myostatin,Myostatin (GDF-8),,,"Myostatin; GDF-8; Growth Differentiation Factor 8; Myostatin-related muscle hypertrophy; Muscle Hypertrophy Syndrome; Mstnb protein, zebrafish",medium
follistatin,Follistatin,,,Follistatin-Related Proteins; Follistatin Related Proteins; Follistatin-Like Protein 3; Follistatin Like Protein 3; FSTL3 Gene Product; Follistatin-Like Secreted Glycoprotein,medium
ace_031,ACE-031 (Ramatercept),,,,none
sotatercept,Sotatercept,,,sotatercept; ACE-011; winrevair,medium
nnc0165_1875,Amylin agonist NNC0165-1875,,,,none
enavogliflozin,Enavogliflozin,71076840,Enavogliflozin,"Enavogliflozin; (2S,3R,4R,5S,6R)-2-(7-chloro-6-((4-cyclopropylphenyl)methyl)-2,3-dihydro-1-benzofuran-4-yl)-6-(hydroxymethyl)oxane-3,4,5-triol; DWP16001",high
empagliflozin,Empagliflozin,11949646,Empagliflozin,empagliflozin; 1-chloro-4-(glucopyranos-1-yl)-2-(4-(tetrahydrofuran-3-yloxy)benzyl)benzene; BI 10773; BI-10773; BI10773; Jardiance,high
dapagliflozin,Dapagliflozin,9887712,Dapagliflozin,"dapagliflozin; (2S,3R,4R,5S,6R)-2-(4-chloro-3-(4-ethoxybenzyl)phenyl)-6- (hydroxymethyl)tetrahydro-2H-pyran-3,4,5-triol; 2-(3-(4-ethoxybenzyl)-4-chlorophenyl)-6-hydroxymethyltetrahydro-2H-pyran-3,4,5-triol; BMS 512148; BMS-512148; BMS512148",high
canagliflozin,Canagliflozin,24812758,Canagliflozin,"rongliflozin; DJT1116PG; Canagliflozin; Invokana; Canagliflozin, Anhydrous; 1-(Glucopyranosyl)-4-methyl-3-(5-(4-fluorophenyl)-2-thienylmethyl)benzene - T777973",high
17_alpha_estradiol,17-alpha-Estradiol,68570,17alpha-Estradiol,"Estrogens, Conjugated (USP); Conjugated Estrogens; Conjugated Estrogen; Estrogen, Conjugated; Estrogens, Conjugated; Estrogenic Substances, Conjugated",high
spermidine,Spermidine,1102,spermidine,"Spermine Synthase; Synthase, Spermine; Spermidine Aminopropyltransferase; Aminopropyltransferase, Spermidine; Spermine Synthetase; Synthetase, Spermine",high
ergothioneine,Ergothioneine,5351619,ERGOTHIONEINE,Ergothioneine; 2-Thiol-L-histidine-betaine; 2 Thiol L histidine betaine; Thioneine,high
taurine,Taurine,1123,taurine,"Cysteine Dioxygenase; Dioxygenase, Cysteine; Cysteine Dioxygenase Type I; Cysteine Oxidase; Oxidase, Cysteine; Cholic Acid",high
cotadutide,Cotadutide,134694273,Cotadutide,cotadutide; MEDI0382,high
insulin_icodec,Insulin icodec,,,insulin icodec; insulin icodec-abae; Awiqli,medium
